id,name,category,rating,review_count,lat,lon,dist_to_adypu_km,dist_to_lohegaon_km,corridor_zone,street,competitors_within_400m,total_commercial_density_400m,saturation_risk,risk_description
4746912622,Local pharmacy,Pharmacy & Healthcare,,,18.597263,73.908854,2.83,1.901,Lohegaon Urban South,Dhanori Road,3,5,MODERATE RISK,Moderate competition: 3 similar shops. Differentiated catalogue advised.
4746917527,"Canara Bank, Lohegaon Branch",Banking & Financial Services,,,18.593315,73.921615,3.634,0.598,Lohegaon Urban South,ADYPU-Lohegaon Corridor,1,1,LOW RISK (HIGH OPPORTUNITY),Under-served pocket! Only 1 direct competitor within 400m.
7226727390,Chris Rock Edward Paul Hospital,Pharmacy & Healthcare,,,18.577066,73.899072,5.12,3.57,Lohegaon Urban South,ADYPU-Lohegaon Corridor,0,0,LOW RISK (HIGH OPPORTUNITY),Under-served pocket! Only 0 direct competitor within 400m.
7466308062,Dr Bhore's Mother & Child Clinic,Pharmacy & Healthcare,,,18.597718,73.902833,2.791,2.538,Lohegaon Urban South,"Madhav Nagar, Dhanori",1,9,LOW RISK (HIGH OPPORTUNITY),Under-served pocket! Only 1 direct competitor within 400m.
7466371303,CT Nursing Home,Pharmacy & Healthcare,,,18.596865,73.900151,2.934,2.813,Lohegaon Urban South,Dhanori Road,1,9,LOW RISK (HIGH OPPORTUNITY),Under-served pocket! Only 1 direct competitor within 400m.
7649461713,Sathe Hospital,Pharmacy & Healthcare,,,18.604087,73.915385,2.27,1.536,Lohegaon Urban South,ADYPU-Lohegaon Corridor,0,0,LOW RISK (HIGH OPPORTUNITY),Under-served pocket! Only 0 direct competitor within 400m.
7649461734,Orchid Speciality Hospital,Pharmacy & Healthcare,,,18.600578,73.909604,2.473,1.898,Lohegaon Urban South,ADYPU-Lohegaon Corridor,4,15,MODERATE RISK,Moderate competition: 4 similar shops. Differentiated catalogue advised.
9168854314,Gaurav Fresh Mart,Grocery & Daily Needs / Kirana,,,18.605487,73.91008,1.944,2.083,ADYPU / Charholi North,"Aeropolis, Porwal Road",9,32,HIGH RISK,Over-saturated: 9 competing stores within 400m.
9168913843,Girija Veg,"Food, Cafe & Eateries",,,18.601958,73.911128,2.351,1.801,Lohegaon Urban South,Porwal Road,6,19,HIGH RISK,Over-saturated: 6 competing stores within 400m.
9168931104,Domino's,"Food, Cafe & Eateries",,,18.60404,73.909742,2.095,2.033,Lohegaon Urban South,"Atlantis City, Porwal lRoad",6,23,HIGH RISK,Over-saturated: 6 competing stores within 400m.
9168944791,Joshi Wadewaale,"Food, Cafe & Eateries",,,18.603931,73.909905,2.11,2.012,Lohegaon Urban South,Prwal Road,6,22,HIGH RISK,Over-saturated: 6 competing stores within 400m.
9168965822,Sai Shradha Health Care Centre,Pharmacy & Healthcare,,,18.600109,73.909662,2.526,1.877,Lohegaon Urban South,Porwal Road,4,9,MODERATE RISK,Moderate competition: 4 similar shops. Differentiated catalogue advised.
9169004564,Waah! Indore,"Food, Cafe & Eateries",,,18.604376,73.909952,2.063,2.031,Lohegaon Urban South,"Goodwill Metropolis, Porwal Road",6,29,HIGH RISK,Over-saturated: 6 competing stores within 400m.
9198880590,Chicken Vicken Baramati Agro Ltd,Grocery & Daily Needs / Kirana,,,18.604584,73.909735,2.036,2.063,ADYPU / Charholi North,Porwal Road,8,29,HIGH RISK,Over-saturated: 8 competing stores within 400m.
9198957609,Om Childrens Clinic,Pharmacy & Healthcare,,,18.597536,73.908873,2.8,1.903,Lohegaon Urban South,Porwal Road,3,5,MODERATE RISK,Moderate competition: 3 similar shops. Differentiated catalogue advised.
9198965480,Agatya Restaurant,"Food, Cafe & Eateries",,,18.598319,73.9091,2.716,1.892,Lohegaon Urban South,Porwal Road,1,5,LOW RISK (HIGH OPPORTUNITY),Under-served pocket! Only 1 direct competitor within 400m.
9201505206,Masters Biryani n Grill,"Food, Cafe & Eateries",,,18.60445,73.90995,2.055,2.036,Lohegaon Urban South,Porwal Road,6,29,HIGH RISK,Over-saturated: 6 competing stores within 400m.
9201531036,Mobile Accessories Shop,"Electronics, Mobile & Hardware",,,18.605015,73.909831,1.99,2.078,ADYPU / Charholi North,Porwal Road,1,32,LOW RISK (HIGH OPPORTUNITY),Under-served pocket! Only 1 direct competitor within 400m.
9201574212,Haldirams,"Food, Cafe & Eateries",,,18.603746,73.909759,2.128,2.016,Lohegaon Urban South,Porwal Road,6,22,HIGH RISK,Over-saturated: 6 competing stores within 400m.
9201582578,Jockey Exclusive Store,"Apparel, Tailoring & Footwear",,,18.603958,73.909738,2.104,2.029,Lohegaon Urban South,Porwal Road,2,22,MODERATE RISK,Moderate competition: 2 similar shops. Differentiated catalogue advised.
9201582639,More Supermarket,Grocery & Daily Needs / Kirana,,,18.603795,73.909741,2.122,2.021,Lohegaon Urban South,Porwal Road,4,22,MODERATE RISK,Moderate competition: 4 similar shops. Differentiated catalogue advised.
9201626842,Pride Gift World,"Gifts, Jewelry & Home Goods",,,18.604004,73.909761,2.1,2.03,Lohegaon Urban South,Porwal Road,0,22,LOW RISK (HIGH OPPORTUNITY),Under-served pocket! Only 0 direct competitor within 400m.
9201728770,Apple Chemists,Pharmacy & Healthcare,,,18.602908,73.909555,2.216,1.995,Lohegaon Urban South,Porwal Road,3,23,MODERATE RISK,Moderate competition: 3 similar shops. Differentiated catalogue advised.
9201728771,Sangam Steel and Home Appliances,"Electronics, Mobile & Hardware",,,18.603069,73.909617,2.2,1.997,Lohegaon Urban South,Porwal Road,1,23,LOW RISK (HIGH OPPORTUNITY),Under-served pocket! Only 1 direct competitor within 400m.
9201735030,Radhe Radhe Foods Decor,Bakery & Sweets,,,18.602944,73.909396,2.21,2.012,Lohegaon Urban South,Porwal Road,0,23,LOW RISK (HIGH OPPORTUNITY),Under-served pocket! Only 0 direct competitor within 400m.
9201762984,Smart Chemist Medical,Pharmacy & Healthcare,,,18.607842,73.910953,1.713,2.162,ADYPU / Charholi North,Porwal Road,0,31,LOW RISK (HIGH OPPORTUNITY),Under-served pocket! Only 0 direct competitor within 400m.
9201763013,Choice Auto Spares and Service Point,Auto Repair & Garage,,,18.607407,73.911062,1.762,2.122,ADYPU / Charholi North,Porwal Road,1,35,LOW RISK (HIGH OPPORTUNITY),Under-served pocket! Only 1 direct competitor within 400m.
9201831352,Pune Mithai,Bakery & Sweets,,,18.607749,73.910912,1.721,2.158,ADYPU / Charholi North,Porwal Road,0,32,LOW RISK (HIGH OPPORTUNITY),Under-served pocket! Only 0 direct competitor within 400m.
9201833930,ZUDIO,"Apparel, Tailoring & Footwear",,,18.606063,73.909921,1.878,2.132,ADYPU / Charholi North,Porwal Road,2,33,MODERATE RISK,Moderate competition: 2 similar shops. Differentiated catalogue advised.
9201837357,Diamond Food Bazar,Grocery & Daily Needs / Kirana,,,18.607546,73.910906,1.743,2.145,ADYPU / Charholi North,Porwal Road,11,34,HIGH RISK,Over-saturated: 11 competing stores within 400m.
9201840582,Vinayak Super Market,Grocery & Daily Needs / Kirana,,,18.607492,73.911087,1.754,2.126,ADYPU / Charholi North,Porwal Road,11,34,HIGH RISK,Over-saturated: 11 competing stores within 400m.
9201843689,Aneks Colour Lab & Studio,"Stationery, Xerox & Education Needs",,,18.607626,73.911093,1.74,2.135,ADYPU / Charholi North,Porwal Road,0,33,LOW RISK (HIGH OPPORTUNITY),Under-served pocket! Only 0 direct competitor within 400m.
9201862059,Ramas Furniture Mall,"Gifts, Jewelry & Home Goods",,,18.608283,73.910897,1.664,2.198,ADYPU / Charholi North,Porwal Road,0,27,LOW RISK (HIGH OPPORTUNITY),Under-served pocket! Only 0 direct competitor within 400m.
9201902831,Fry Pan,"Food, Cafe & Eateries",,,18.608298,73.911208,1.672,2.174,ADYPU / Charholi North,Porwal Road,3,27,MODERATE RISK,Moderate competition: 3 similar shops. Differentiated catalogue advised.
9201919313,Canara Bank,Banking & Financial Services,,,18.60986,73.911141,1.506,2.296,ADYPU / Charholi North,ADYPU-Lohegaon Corridor,3,23,MODERATE RISK,Moderate competition: 3 similar shops. Differentiated catalogue advised.
9201926502,Enjoy Beer Shoppee,General Retail & Services,,,18.609783,73.911385,1.523,2.272,ADYPU / Charholi North,Porwal Road,0,23,LOW RISK (HIGH OPPORTUNITY),Under-served pocket! Only 0 direct competitor within 400m.
9201926503,Happy Momos,"Food, Cafe & Eateries",,,18.609826,73.911376,1.518,2.276,ADYPU / Charholi North,Porwal Road,3,23,MODERATE RISK,Moderate competition: 3 similar shops. Differentiated catalogue advised.
9201935520,The Thali Bistro,"Food, Cafe & Eateries",,,18.610385,73.911555,1.467,2.307,ADYPU / Charholi North,Porwal Road,3,23,MODERATE RISK,Moderate competition: 3 similar shops. Differentiated catalogue advised.
9201935952,State Bank of India,Banking & Financial Services,,,18.609784,73.911096,1.512,2.294,ADYPU / Charholi North,ADYPU-Lohegaon Corridor,3,24,MODERATE RISK,Moderate competition: 3 similar shops. Differentiated catalogue advised.
9201939117,ICICI Bank,Banking & Financial Services,,,18.609825,73.911122,1.509,2.295,ADYPU / Charholi North,ADYPU-Lohegaon Corridor,3,23,MODERATE RISK,Moderate competition: 3 similar shops. Differentiated catalogue advised.
9201946142,Car Tech Services,Auto Repair & Garage,,,18.610217,73.911503,1.482,2.297,ADYPU / Charholi North,Porwal Road,1,23,LOW RISK (HIGH OPPORTUNITY),Under-served pocket! Only 1 direct competitor within 400m.
9201948308,Local atm,Banking & Financial Services,,,18.60978,73.911378,1.523,2.272,ADYPU / Charholi North,ADYPU-Lohegaon Corridor,3,23,MODERATE RISK,Moderate competition: 3 similar shops. Differentiated catalogue advised.
9202103491,State Bank of India,Banking & Financial Services,,,18.604319,73.909752,2.065,2.047,Lohegaon Urban South,Porwal Road,0,27,LOW RISK (HIGH OPPORTUNITY),Under-served pocket! Only 0 direct competitor within 400m.
9202141603,Panthloons,"Apparel, Tailoring & Footwear",,,18.604065,73.909937,2.096,2.016,Lohegaon Urban South,Porwal Road,2,25,MODERATE RISK,Moderate competition: 2 similar shops. Differentiated catalogue advised.
10219080678,hotel11,"Food, Cafe & Eateries",,,18.608368,73.911196,1.665,2.18,ADYPU / Charholi North,ADYPU-Lohegaon Corridor,3,27,MODERATE RISK,Moderate competition: 3 similar shops. Differentiated catalogue advised.
10548584557,Bharat Garden,"Food, Cafe & Eateries",,,18.593655,73.892808,3.519,3.588,ADYPU / Charholi North,Dhanori Road,0,1,LOW RISK (HIGH OPPORTUNITY),Under-served pocket! Only 0 direct competitor within 400m.
10569668043,Pizza Hut,"Food, Cafe & Eateries",,,18.597326,73.902154,2.844,2.605,Lohegaon Urban South,"Ground Floor, Marrakesh, Dhanori Rd, Madhav Nagar, Dhanori, Pune, Maharashtra",3,10,MODERATE RISK,Moderate competition: 3 similar shops. Differentiated catalogue advised.
10569716766,Vaibhav Nursing Home,Pharmacy & Healthcare,,,18.587599,73.887175,4.383,4.268,Lohegaon Urban South,Dhanori Road,5,23,HIGH RISK,Over-saturated: 5 competing stores within 400m.
10595556034,Agatya Pure Veg,"Food, Cafe & Eateries",,,18.596722,73.899424,2.967,2.888,Lohegaon Urban South,Dhaonri - Lohgaon Road,3,9,MODERATE RISK,Moderate competition: 3 similar shops. Differentiated catalogue advised.
10747729628,HDFC Bank,Banking & Financial Services,,,18.598654,73.90108,2.719,2.733,ADYPU / Charholi North,ADYPU-Lohegaon Corridor,1,9,LOW RISK (HIGH OPPORTUNITY),Under-served pocket! Only 1 direct competitor within 400m.
10747753744,ICICI Bank,Banking & Financial Services,,,18.598132,73.901027,2.777,2.732,Lohegaon Urban South,ADYPU-Lohegaon Corridor,1,9,LOW RISK (HIGH OPPORTUNITY),Under-served pocket! Only 1 direct competitor within 400m.
10747799112,Rajmata Jijau Vegetable Market,Grocery & Daily Needs / Kirana,,,18.597803,73.905055,2.76,2.306,Lohegaon Urban South,ADYPU-Lohegaon Corridor,0,3,LOW RISK (HIGH OPPORTUNITY),Under-served pocket! Only 0 direct competitor within 400m.
10747814972,Axis Bank,Banking & Financial Services,,,18.59054,73.906273,3.565,2.233,Lohegaon Urban South,ADYPU-Lohegaon Corridor,0,1,LOW RISK (HIGH OPPORTUNITY),Under-served pocket! Only 0 direct competitor within 400m.
10755920583,White Shine Multispeciality Dental Clinic,Pharmacy & Healthcare,,,18.575537,73.906921,5.234,3.052,Lohegaon Urban South,Airport New Road,0,2,LOW RISK (HIGH OPPORTUNITY),Under-served pocket! Only 0 direct competitor within 400m.
10963641352,Latest Furniture,"Gifts, Jewelry & Home Goods",,,18.589435,73.908637,3.696,2.03,Lohegaon Urban South,LANE NO 22 LOHEGAON ROAD,0,1,LOW RISK (HIGH OPPORTUNITY),Under-served pocket! Only 0 direct competitor within 400m.
11142747614,Naadbrahma Idli,"Food, Cafe & Eateries",,,18.60462,73.909748,2.032,2.063,ADYPU / Charholi North,"Porwal Road, Lohegaon",6,29,HIGH RISK,Over-saturated: 6 competing stores within 400m.
11258979436,Grosery store,Grocery & Daily Needs / Kirana,,,18.576008,73.893111,5.364,4.16,Lohegaon Urban South,Lane No 10,0,1,LOW RISK (HIGH OPPORTUNITY),Under-served pocket! Only 0 direct competitor within 400m.
11258989071,ATM,Banking & Financial Services,,,18.577454,73.893091,5.209,4.08,Lohegaon Urban South,Lane No 10,0,1,LOW RISK (HIGH OPPORTUNITY),Under-served pocket! Only 0 direct competitor within 400m.
11397215680,Chulbul Dhaba,"Food, Cafe & Eateries",,,18.597482,73.911679,2.85,1.609,Lohegaon Urban South,ADYPU-Lohegaon Corridor,1,4,LOW RISK (HIGH OPPORTUNITY),Under-served pocket! Only 1 direct competitor within 400m.
11505237920,Parijat Sweets,Bakery & Sweets,,,18.596852,73.897029,3.025,3.141,ADYPU / Charholi North,ADYPU-Lohegaon Corridor,0,5,LOW RISK (HIGH OPPORTUNITY),Under-served pocket! Only 0 direct competitor within 400m.
11955615324,The Fisherman's Wharf,"Food, Cafe & Eateries",,,18.577677,73.907668,4.997,2.827,Lohegaon Urban South,Airport New Road,0,2,LOW RISK (HIGH OPPORTUNITY),Under-served pocket! Only 0 direct competitor within 400m.
13380382148,Sai clinic,Pharmacy & Healthcare,,,18.596998,73.923959,3.401,0.343,Lohegaon Urban South,Dhaonri - Lohgaon Road,0,0,LOW RISK (HIGH OPPORTUNITY),Under-served pocket! Only 0 direct competitor within 400m.
13380387846,Navaratna Pan Shop,General Retail & Services,,,18.587434,73.886938,4.411,4.296,Lohegaon Urban South,ADYPU-Lohegaon Corridor,2,23,MODERATE RISK,Moderate competition: 2 similar shops. Differentiated catalogue advised.
13380387847,Local chemist,Pharmacy & Healthcare,,,18.587345,73.887064,4.413,4.285,Lohegaon Urban South,ADYPU-Lohegaon Corridor,5,23,HIGH RISK,Over-saturated: 5 competing stores within 400m.
13380441790,Local gift,"Gifts, Jewelry & Home Goods",,,18.589997,73.892087,3.923,3.709,Lohegaon Urban South,ADYPU-Lohegaon Corridor,2,8,MODERATE RISK,Moderate competition: 2 similar shops. Differentiated catalogue advised.
13380447629,Local clothes,"Apparel, Tailoring & Footwear",,,18.588875,73.887949,4.219,4.16,Lohegaon Urban South,ADYPU-Lohegaon Corridor,4,23,MODERATE RISK,Moderate competition: 4 similar shops. Differentiated catalogue advised.
13380447631,E - seva kendra,General Retail & Services,,,18.588557,73.887864,4.255,4.176,Lohegaon Urban South,ADYPU-Lohegaon Corridor,2,23,MODERATE RISK,Moderate competition: 2 similar shops. Differentiated catalogue advised.
13380447633,Local clothes,"Apparel, Tailoring & Footwear",,,18.588375,73.887544,4.288,4.212,Lohegaon Urban South,ADYPU-Lohegaon Corridor,4,23,MODERATE RISK,Moderate competition: 4 similar shops. Differentiated catalogue advised.
13380447634,royal gift shop,"Gifts, Jewelry & Home Goods",,,18.588269,73.887486,4.302,4.221,Lohegaon Urban South,ADYPU-Lohegaon Corridor,4,23,MODERATE RISK,Moderate competition: 4 similar shops. Differentiated catalogue advised.
13380447635,harshada varaities,"Gifts, Jewelry & Home Goods",,,18.588218,73.887459,4.308,4.225,Lohegaon Urban South,ADYPU-Lohegaon Corridor,4,23,MODERATE RISK,Moderate competition: 4 similar shops. Differentiated catalogue advised.
13380447636,vadapav centre,General Retail & Services,,,18.588265,73.88746,4.303,4.223,Lohegaon Urban South,ADYPU-Lohegaon Corridor,2,23,MODERATE RISK,Moderate competition: 2 similar shops. Differentiated catalogue advised.
13380447637,Local chemist,Pharmacy & Healthcare,,,18.588068,73.887384,4.326,4.236,Lohegaon Urban South,ADYPU-Lohegaon Corridor,5,23,HIGH RISK,Over-saturated: 5 competing stores within 400m.
13380447638,Local bakery,Bakery & Sweets,,,18.588004,73.887346,4.335,4.241,Lohegaon Urban South,ADYPU-Lohegaon Corridor,2,23,MODERATE RISK,Moderate competition: 2 similar shops. Differentiated catalogue advised.
13380447639,Local shoes,"Apparel, Tailoring & Footwear",,,18.587954,73.887325,4.341,4.244,Lohegaon Urban South,ADYPU-Lohegaon Corridor,4,23,MODERATE RISK,Moderate competition: 4 similar shops. Differentiated catalogue advised.
13380447640,Local jewelry,"Gifts, Jewelry & Home Goods",,,18.587922,73.887308,4.345,4.247,Lohegaon Urban South,ADYPU-Lohegaon Corridor,4,23,MODERATE RISK,Moderate competition: 4 similar shops. Differentiated catalogue advised.
13380447641,bharat aabhushan,"Gifts, Jewelry & Home Goods",,,18.587847,73.887263,4.354,4.253,Lohegaon Urban South,ADYPU-Lohegaon Corridor,4,23,MODERATE RISK,Moderate competition: 4 similar shops. Differentiated catalogue advised.
13380447642,Local jewelry,"Gifts, Jewelry & Home Goods",,,18.587786,73.887224,4.362,4.258,Lohegaon Urban South,ADYPU-Lohegaon Corridor,4,23,MODERATE RISK,Moderate competition: 4 similar shops. Differentiated catalogue advised.
13380447643,Local tailor,"Apparel, Tailoring & Footwear",,,18.587582,73.887105,4.388,4.275,Lohegaon Urban South,ADYPU-Lohegaon Corridor,4,23,MODERATE RISK,Moderate competition: 4 similar shops. Differentiated catalogue advised.
13380447644,Local dairy,Grocery & Daily Needs / Kirana,,,18.587565,73.887094,4.39,4.277,Lohegaon Urban South,ADYPU-Lohegaon Corridor,0,23,LOW RISK (HIGH OPPORTUNITY),Under-served pocket! Only 0 direct competitor within 400m.
13380447645,Local hospital,Pharmacy & Healthcare,,,18.587546,73.887077,4.393,4.279,Lohegaon Urban South,ADYPU-Lohegaon Corridor,5,23,HIGH RISK,Over-saturated: 5 competing stores within 400m.
13380453951,Local chemist,Pharmacy & Healthcare,,,18.587494,73.887035,4.4,4.284,Lohegaon Urban South,ADYPU-Lohegaon Corridor,5,23,HIGH RISK,Over-saturated: 5 competing stores within 400m.
13380453952,Local chemist,Pharmacy & Healthcare,,,18.587421,73.88712,4.403,4.277,Lohegaon Urban South,ADYPU-Lohegaon Corridor,5,23,HIGH RISK,Over-saturated: 5 competing stores within 400m.
13380453953,Local stationery,"Stationery, Xerox & Education Needs",,,18.587397,73.887141,4.404,4.276,Lohegaon Urban South,ADYPU-Lohegaon Corridor,0,23,LOW RISK (HIGH OPPORTUNITY),Under-served pocket! Only 0 direct competitor within 400m.
13380458141,gold jewellery shop,"Gifts, Jewelry & Home Goods",,,18.589796,73.892084,3.943,3.713,Lohegaon Urban South,ADYPU-Lohegaon Corridor,2,8,MODERATE RISK,Moderate competition: 2 similar shops. Differentiated catalogue advised.
13380506740,Local stationery,"Stationery, Xerox & Education Needs",,,18.589802,73.892288,3.935,3.692,Lohegaon Urban South,ADYPU-Lohegaon Corridor,1,8,LOW RISK (HIGH OPPORTUNITY),Under-served pocket! Only 1 direct competitor within 400m.
13380516804,vegetable shop,General Retail & Services,,,18.589824,73.891695,3.956,3.753,Lohegaon Urban South,ADYPU-Lohegaon Corridor,0,9,LOW RISK (HIGH OPPORTUNITY),Under-served pocket! Only 0 direct competitor within 400m.
13380537016,Local gift,"Gifts, Jewelry & Home Goods",,,18.589824,73.892724,3.915,3.646,Lohegaon Urban South,ADYPU-Lohegaon Corridor,2,8,MODERATE RISK,Moderate competition: 2 similar shops. Differentiated catalogue advised.
13380655770,Mahadev super market,General Retail & Services,,,18.618111,73.923621,1.892,2.536,ADYPU / Charholi North,Khandoba Mal Road,0,0,LOW RISK (HIGH OPPORTUNITY),Under-served pocket! Only 0 direct competitor within 400m.
13618908139,IgniterX Gaming Zone,"Electronics, Mobile & Hardware",,,18.575542,73.906942,5.233,3.05,Lohegaon Urban South,Symbiosis Law School Road,0,2,LOW RISK (HIGH OPPORTUNITY),Under-served pocket! Only 0 direct competitor within 400m.
13619809696,Mataji Medical,Pharmacy & Healthcare,,,18.588229,73.892218,4.1,3.733,Lohegaon Urban South,ADYPU-Lohegaon Corridor,1,8,LOW RISK (HIGH OPPORTUNITY),Under-served pocket! Only 1 direct competitor within 400m.
13620562761,Sakhre General Store,Grocery & Daily Needs / Kirana,,,18.58872,73.892039,4.056,3.74,Lohegaon Urban South,ADYPU-Lohegaon Corridor,0,8,LOW RISK (HIGH OPPORTUNITY),Under-served pocket! Only 0 direct competitor within 400m.
13627040849,Canara Bank,Banking & Financial Services,,,18.593322,73.921603,3.633,0.599,Lohegaon Urban South,ADYPU-Lohegaon Corridor,1,1,LOW RISK (HIGH OPPORTUNITY),Under-served pocket! Only 1 direct competitor within 400m.
13648780641,Motul Service Centre,Auto Repair & Garage,,,18.59392,73.893065,3.481,3.56,ADYPU / Charholi North,ADYPU-Lohegaon Corridor,0,1,LOW RISK (HIGH OPPORTUNITY),Under-served pocket! Only 0 direct competitor within 400m.
13650192359,Croma,"Electronics, Mobile & Hardware",,,18.596977,73.89902,2.951,2.932,Lohegaon Urban South,ADYPU-Lohegaon Corridor,0,8,LOW RISK (HIGH OPPORTUNITY),Under-served pocket! Only 0 direct competitor within 400m.
13650237938,KFC,"Food, Cafe & Eateries",,,18.597047,73.899423,2.932,2.89,Lohegaon Urban South,ADYPU-Lohegaon Corridor,3,9,MODERATE RISK,Moderate competition: 3 similar shops. Differentiated catalogue advised.
13650248265,Mc Donald's,"Food, Cafe & Eateries",,,18.597032,73.899334,2.936,2.9,Lohegaon Urban South,ADYPU-Lohegaon Corridor,3,9,MODERATE RISK,Moderate competition: 3 similar shops. Differentiated catalogue advised.
13718192637,Apex Cancer Clinic,Pharmacy & Healthcare,,,18.604354,73.909674,2.06,2.056,Lohegaon Urban South,"2nd Floor, Aaiji Dham, Porwal Rd, Above SBI,",1,28,LOW RISK (HIGH OPPORTUNITY),Under-served pocket! Only 1 direct competitor within 400m.
359535810,Mahesh collection,"Apparel, Tailoring & Footwear",,,18.58873,73.887914,4.235,4.167,Lohegaon Urban South,ADYPU-Lohegaon Corridor,4,23,MODERATE RISK,Moderate competition: 4 similar shops. Differentiated catalogue advised.
359536083,Local bakery,Bakery & Sweets,,,18.589067,73.888143,4.191,4.136,Lohegaon Urban South,ADYPU-Lohegaon Corridor,2,24,MODERATE RISK,Moderate competition: 2 similar shops. Differentiated catalogue advised.
359536085,Local bakery,Bakery & Sweets,,,18.588589,73.887771,4.256,4.185,Lohegaon Urban South,ADYPU-Lohegaon Corridor,2,23,MODERATE RISK,Moderate competition: 2 similar shops. Differentiated catalogue advised.
359768308,matoshree stationery shop,"Stationery, Xerox & Education Needs",,,18.589672,73.892279,3.948,3.695,Lohegaon Urban South,ADYPU-Lohegaon Corridor,1,8,LOW RISK (HIGH OPPORTUNITY),Under-served pocket! Only 1 direct competitor within 400m.
923087913,Goodwill Square,Shopping Center & Complex,,,18.597868,73.903988,2.761,2.418,Lohegaon Urban South,Dhanori - Lohgaon Road,0,5,LOW RISK (HIGH OPPORTUNITY),Under-served pocket! Only 0 direct competitor within 400m.
1458945429,aroma cafe,"Food, Cafe & Eateries",,,18.58444,73.892816,4.475,3.787,Lohegaon Urban South,ADYPU-Lohegaon Corridor,0,1,LOW RISK (HIGH OPPORTUNITY),Under-served pocket! Only 0 direct competitor within 400m.
1458945430,Local yes,General Retail & Services,,,18.584494,73.892814,4.469,3.785,Lohegaon Urban South,ADYPU-Lohegaon Corridor,0,1,LOW RISK (HIGH OPPORTUNITY),Under-served pocket! Only 0 direct competitor within 400m.
1458956137,Local chemist,Pharmacy & Healthcare,,,18.589821,73.892911,3.908,3.627,Lohegaon Urban South,ADYPU-Lohegaon Corridor,1,8,LOW RISK (HIGH OPPORTUNITY),Under-served pocket! Only 1 direct competitor within 400m.
gmaps_1000,NEW DIAMOND FOOD BAZZAR,Grocery & Daily Needs / Kirana,4.4,83,18.607625,73.910879,1.734,2.152,ADYPU / Charholi North,Dhanori-Lohegaon Link Road,11,33,HIGH RISK,Over-saturated: 11 competing stores within 400m.
gmaps_1001,Krishna Fresh Mart,Grocery & Daily Needs / Kirana,4.8,66,18.609281,73.91115,1.567,2.251,ADYPU / Charholi North,Dhanori-Lohegaon Road,9,25,HIGH RISK,Over-saturated: 9 competing stores within 400m.
gmaps_1002,Viara Food Store - Healthy Grocery,Grocery & Daily Needs / Kirana,5.0,215,18.610669,73.911487,1.435,2.334,ADYPU / Charholi North,Lohegaon Road,8,23,HIGH RISK,Over-saturated: 8 competing stores within 400m.
gmaps_1003,Ganesh Market,Grocery & Daily Needs / Kirana,4.8,5,18.609444,73.911389,1.558,2.245,ADYPU / Charholi North,Lohegaon Central,8,23,HIGH RISK,Over-saturated: 8 competing stores within 400m.
gmaps_1004,SMART Point (Reliance Retail),Grocery & Daily Needs / Kirana,3.4,167,18.605965,73.909938,1.889,2.124,ADYPU / Charholi North,Lohegaon Link Rd,10,33,HIGH RISK,Over-saturated: 10 competing stores within 400m.
gmaps_1005,Dmart Ready - Lohegaon,Grocery & Daily Needs / Kirana,4.1,104,18.607719,73.910862,1.723,2.16,ADYPU / Charholi North,Lohegaon Road,11,33,HIGH RISK,Over-saturated: 11 competing stores within 400m.
gmaps_1006,New Balaji Traders,Grocery & Daily Needs / Kirana,2.9,8,18.608406,73.911244,1.662,2.179,ADYPU / Charholi North,Lohegaon Central,10,26,HIGH RISK,Over-saturated: 10 competing stores within 400m.
gmaps_1007,My Choice Market,Grocery & Daily Needs / Kirana,4.3,32,18.613304,73.911896,1.19,2.527,ADYPU / Charholi North,Porwal Road Junction,1,9,LOW RISK (HIGH OPPORTUNITY),Under-served pocket! Only 1 direct competitor within 400m.
gmaps_1008,Aashiyana Shoppe,Grocery & Daily Needs / Kirana,3.9,60,18.606327,73.910147,1.854,2.128,ADYPU / Charholi North,Dhanori-Lohegaon Rd,11,35,HIGH RISK,Over-saturated: 11 competing stores within 400m.
gmaps_1009,Cafe Love Bite (ADYPU),"Food, Cafe & Eateries",4.6,142,18.6215,73.9071,0.149,3.559,ADYPU / Charholi North,DY Patil Knowledge City,2,2,MODERATE RISK,Moderate competition: 2 similar shops. Differentiated catalogue advised.
gmaps_1010,Foodie Fuel Cafe,"Food, Cafe & Eateries",4.4,89,18.6221,73.9065,0.059,3.65,ADYPU / Charholi North,ADYPU Campus Road,3,3,MODERATE RISK,Moderate competition: 3 similar shops. Differentiated catalogue advised.
gmaps_1011,Dyp Tuk Shop,"Food, Cafe & Eateries",4.2,110,18.6231,73.9059,0.07,3.778,ADYPU / Charholi North,Knowledge City Gate,3,3,MODERATE RISK,Moderate competition: 3 similar shops. Differentiated catalogue advised.
gmaps_1012,It's Street Coffee - Lohegaon,"Food, Cafe & Eateries",4.7,95,18.6012,73.9214,2.863,0.852,Lohegaon Urban South,Lohegaon Main Rd,0,0,LOW RISK (HIGH OPPORTUNITY),Under-served pocket! Only 0 direct competitor within 400m.
gmaps_1013,Cafe Daily Dose - Charholi,"Food, Cafe & Eateries",4.5,64,18.6252,73.9082,0.352,3.84,ADYPU / Charholi North,Charholi Budruk,2,2,MODERATE RISK,Moderate competition: 2 similar shops. Differentiated catalogue advised.
